{
  "y": [336.365191773889, -123.40962676002, -190.444708561491, 198.767781689068, 13.8768464833215, -95.9597475459787, 190.768414922771, -375.950994264801, -285.408166618827, 202.789091762569, -230.197388939571, -154.870202508918, 136.269040175846, -132.926609578844, 97.6744767902663, 582.455489779931, 154.642838615812, -200.371801517799, -33.1664398516175, -88.7657111633259, -118.068505453352, 132.785896937671, -218.704012208007, -78.1494697195881, 61.391189538141, 52.0361544154458, -50.7576165625517, -76.4854454644969, -396.439947446224, -243.741050605235, -31.6716296781656, -74.0211726133909, 174.164606824541, 507.384560866371, -336.173167051387, -9.61803524679135, -278.142710353685, -283.788695864405, -93.5040149781828, -83.9428879373649, 35.048645257841, -84.2872435979945, -207.542592474785, 273.877955181974, -331.080555760412, 87.378021378523, -47.508687038865, -566.953340677388, -96.7959977613408, 66.2554443360132, 209.260565937489, 181.018539922496, 13.3257981297666, -8.47299598360551, -124.474296303166, -162.946045916941, 499.344907774572, 295.914586076336, 290.398420275818, -303.212226247901, 33.0939143714104, -42.4495781257278, 73.9783906510775, 242.877403714412, 286.198276309174, 29.0548145651757, 284.860238901702, 594.991870981077, 144.265321875642, 304.907310960127, -30.0341923692603, -96.0179102601946, -393.997232752272, -71.5437126633548, 201.224113867293, -46.4571731627658, -57.1200392351347, 98.8180553363685, -119.416823115638, 129.577828010975, 225.129796483475, -155.688076948253, -354.725385199882, 94.0443364765118, -53.1271100810552, -309.298056571561, -51.2500632717497, -173.285279753393, -145.498202356561, 205.531306256365, -275.688245263458, -19.5164766551164, 346.527372847854, -200.101229068562, 167.367430229704, 290.271271456017, -444.067549478309, -267.221930890345, -80.1008699254011, 99.5813329461984],
  "X": [
    [181.973511372371, 137.04395041323, 119.631823533139, -40.6879202970388, -61.0978796123098],
    [-150.891204553514, 81.7549413413425, -96.4667894017811, -4.45220822983046, 47.4354739665405],
    [-98.2166324613251, -157.211052631437, 3.53313467017686, 42.3148879191567, 20.2228840881598],
    [157.620745716251, -46.9042860124317, 37.957990796788, -53.4625535572722, 103.171730259174],
    [70.9566624030317, 7.84490074232324, 97.6080435325497, -26.2087031460518, -137.029646224619],
    [19.6244844180644, -121.235564507126, -15.8855728433869, -66.8303478793751, 88.2603161537982],
    [21.8294507022279, 176.554803838104, 114.24191019402, -59.119733354717, -61.7830510503441],
    [-76.1016948155233, -28.7532356787395, -255.937427224796, -183.976122046001, 167.260372168512],
    [-127.265336785152, 0.136981196186426, -23.1584632435533, -194.772684672332, 60.245428220623],
    [74.2540486820799, 23.4180532245535, 194.951025034461, 81.9855589258174, -172.092532884428],
    [-33.8489585635085, 53.845827962995, -46.7647301732732, -149.785283745892, -53.622982023987],
    [-90.7801723441292, -31.7032533712981, -200.125867895569, 72.7027806131274, 94.0224939411793],
    [50.8673316791897, 79.2654229219075, 14.3154933575686, -2.28078228127203, -4.98787066120695],
    [-92.7529119879245, -60.3169175773283, -77.3346886861822, 96.1407735172528, -0.166655106261936],
    [-22.748020142835, 19.335549572603, 76.3771323704232, 16.6205974381325, 8.22688954298454],
    [110.513374478198, 41.1249201910823, 239.299966474635, 192.607691399829, -1.00508647055009],
    [-23.0028524963006, -35.5881758138601, 55.8050093783813, 108.584851482743, 47.6502796328299],
    [-204.69176823054, 32.4064140404471, 25.5802656831131, 54.3270491275278, -109.982787898397],
    [-156.481081780024, -19.9268086010665, 48.007274974195, 18.0205340934464, 77.8883392366283],
    [-86.0808050874419, -53.4062370089586, -42.179909027018, 154.286045216655, -61.5470703877271],
    [-39.0777234315021, 39.665329783055, 78.1569560060648, -1.91260497149303, -194.431293198748],
    [-24.5506694669746, 35.2029842104597, 84.190820442288, 71.1083401621848, -31.1078312510478],
    [-103.599773192222, 40.0097234844308, -80.9669306527331, -90.5619298430376, 16.5298740847384],
    [-92.688390777773, 45.5965994345269, -50.6492769949541, -35.553369728668, 53.7092331335033],
    [44.562188132617, -121.587540953645, 87.3580462252969, -9.34441334216612, 59.9073483662747],
    [117.119263859841, -72.2023134914147, -42.4707086925393, 177.82779616181, -128.963461554304],
    [-44.4748795714141, -53.7774186011391, -7.69234554479665, -43.6338232483064, 98.5813797797636],
    [56.1859291095469, 61.4467609551018, 18.2284994818076, -117.562853091602, -93.8393866194594],
    [44.2290138080224, -80.5948304633866, -136.438444792949, -204.803092241628, -18.8656378783864],
    [-152.407841484679, -90.2609389610706, 1.72557513925917, 80.0807961194159, -83.9446731041626],
    [92.8376913289182, -44.2382820374232, 8.75407418387528, 11.1571967815005, -99.1508667049649],
    [-54.5975497137269, -74.3572090399866, -134.295584816215, 21.1416444429577, 167.465191736501],
    [72.7740592590383, 216.556985087382, -206.745738353619, -108.115790847128, 199.381736338863],
    [131.23720998282, 167.370990384367, -27.7091793573638, 130.421851366631, 105.822519685505],
    [-94.4741805390194, -127.200638181185, -41.1613045792552, 2.92274301606615, -76.0089955257038],
    [-0.206499809985657, -27.0201541154309, 101.309034875613, -9.62107198838136, -73.8709394408837],
    [36.751343297941, -88.8267787045271, -89.1739213399264, -61.279317713506, -74.6136189847928],
    [-305.413011721591, -137.968350488245, -21.2594490475971, 64.0329960674693, 116.725389385834],
    [-53.6581918004938, 34.7361430458946, 96.9681626666305, -69.9319372831911, -101.340957785015],
    [-16.9605625870632, -17.8851432799805, -127.596612773949, 23.6293792985681, 54.014750522498],
    [24.0759852208631, -2.04915130779332, 29.6854965771321, 55.0613469279811, -71.3968207865198],
    [38.0034070869482, -139.719514850421, 88.7891978482033, -77.3074999725152, 6.47234804317523],
    [-153.481497526218, -77.0086562921892, -62.2392474421726, 112.284285905581, -26.6013160299173],
    [-15.9515370523355, 94.750074434639, 170.992675767466, -41.9055858283946, 65.0255023155885],
    [-150.784328635248, -84.0939385330432, -177.199052948524, 82.5897488901656, -1.16193543947125],
    [58.050806798351, -45.780915570107, 49.7105845841314, 21.5279610974458, 4.70323494176588],
    [9.65258466491969, -0.616243503571964, -4.90719593269125, -72.0080448271651, 20.764014940624],
    [-70.2692597271989, -63.3885372710339, -165.3328739279, -46.4690188884295, -221.102237630351],
    [-25.9827788650386, -90.045249285571, 132.161943856844, -91.7046173286342, -23.0806153923389],
    [24.4983892661022, 72.4770427843569, -82.4253748496062, 59.7760534867649, -8.05704588251031],
    [65.6002418297261, 62.9374626835384, 227.56736073391, -91.0024884547472, -56.6462648116621],
    [-122.505235247294, 59.6474362353038, 67.1452763905264, 4.33424044354518, 172.852446209325],
    [57.2386162674515, 53.8518907867018, 21.245853481241, -196.944649085082, 79.3934274752166],
    [115.528144360843, 15.5849805757858, -41.0978636738566, -62.9168863474347, -33.8374577445268],
    [19.8619930811223, 84.6396754417262, -44.9471181395822, 7.60739734318389, -191.305157029669],
    [100.642166609929, 111.111483367417, -207.422968829399, -58.7565492481231, -109.434668103271],
    [109.609513426846, 181.021509958156, 153.235376639234, 32.9877117214716, 21.4342203991569],
    [29.5839038154707, 35.6828225932889, 71.3939838214979, 37.8114515621015, 121.417979834483],
    [79.4835402331835, 44.748584994412, 2.80690608252764, 67.9641497788742, 96.1360884787294],
    [-16.3474880755375, -42.5649362577881, -141.569455826776, -27.9081612851044, -73.4369414029072],
    [-232.199784662883, 23.5224115266451, 104.096082659604, 17.8879193762952, 118.066091199456],
    [49.4327819729913, 29.5063482438964, 110.470975532982, -187.64122337825, -44.6543517681273],
